{"cameraMode":{"drawMode":0,"name":"Shaded","section":"Shading Mode"},"sceneLighting":false,"audioPlay":false,"sceneViewState":{"m_AlwaysRefresh":false,"showFog":true,"showSkybox":true,"showFlares":true,"showImageEffects":true,"showParticleSystems":true,"showVisualEffectGraphs":true,"m_FxEnabled":true},"in2DMode":false,"pivot":{"x":-3.1920385360717775,"y":0.5656375885009766,"z":-0.3414308726787567},"rotation":{"x":0.3546096086502075,"y":0.07837220281362534,"z":-0.029892031103372575,"w":0.9310835599899292},"size":1.3270606994628907,"orthographic":true}