{"cameraMode":{"drawMode":0,"name":"Shaded","section":"Shading Mode"},"sceneLighting":false,"audioPlay":false,"sceneViewState":{"m_AlwaysRefresh":false,"showFog":true,"showSkybox":true,"showFlares":true,"showImageEffects":true,"showParticleSystems":true,"showVisualEffectGraphs":true,"m_FxEnabled":true},"in2DMode":false,"pivot":{"x":-4.542120933532715,"y":0.5771059989929199,"z":1.6529476642608643},"rotation":{"x":0.5466609597206116,"y":0.007535942830145359,"z":-0.004920113831758499,"w":0.8373057246208191},"size":4.239217281341553,"orthographic":true}