{"cameraMode":{"drawMode":0,"name":"Shaded","section":"Shading Mode"},"sceneLighting":false,"audioPlay":false,"sceneViewState":{"m_AlwaysRefresh":false,"showFog":true,"showSkybox":true,"showFlares":true,"showImageEffects":true,"showParticleSystems":true,"showVisualEffectGraphs":true,"m_FxEnabled":true},"in2DMode":false,"pivot":{"x":24.234773635864259,"y":-23.070497512817384,"z":-1.0143072605133057},"rotation":{"x":0.24691057205200196,"y":0.6612176299095154,"z":-0.24572479724884034,"w":0.6644029021263123},"size":22.847490310668947,"orthographic":false}