{"cameraMode":{"drawMode":0,"name":"Shaded","section":"Shading Mode"},"sceneLighting":false,"audioPlay":false,"sceneViewState":{"m_AlwaysRefresh":false,"showFog":true,"showSkybox":true,"showFlares":true,"showImageEffects":true,"showParticleSystems":true,"showVisualEffectGraphs":true,"m_FxEnabled":true},"in2DMode":false,"pivot":{"x":-3.556314468383789,"y":1.0013257265090943,"z":0.37927478551864626},"rotation":{"x":0.38239219784736636,"y":0.006928249727934599,"z":-0.002868308685719967,"w":0.9239599704742432},"size":8.289984703063965,"orthographic":true}